Model,Type,MAE (Wh),RMSE (Wh),R²
XGBoost,Gradient Boosting,36.43157306722006,52.389816836573864,0.4125706227487125
Random Forest,Ensemble ML,50.01474639805922,62.145648314474066,0.1734229410405601
LSTM,Deep Learning,42.328621744250036,68.2015391750548,0.013122467719752895
ARIMA,Statistical,48.17171397225069,68.42039785670478,-0.0019201063027254328
